{"cameraMode":{"drawMode":0,"name":"Shaded","section":"Shading Mode"},"sceneLighting":true,"audioPlay":false,"sceneViewState":{"showFog":true,"showMaterialUpdate":false,"showSkybox":true,"showFlares":true,"showImageEffects":true,"showParticleSystems":true},"in2DMode":false,"pivot":{"x":95.70121765136719,"y":-0.6689577102661133,"z":45.628990173339847},"rotation":{"x":-0.009686847217381,"y":-0.9528614282608032,"z":0.3029085397720337,"w":-0.028446614742279054},"size":13.540345191955567,"orthographic":false}