{"cameraMode":{"drawMode":0,"name":"Shaded","section":"Shading Mode"},"sceneLighting":true,"audioPlay":false,"sceneViewState":{"showFog":true,"showMaterialUpdate":false,"showSkybox":false,"showFlares":true,"showImageEffects":true,"showParticleSystems":true},"in2DMode":false,"pivot":{"x":2.9385077953338625,"y":-5.961070537567139,"z":-22.924470901489259},"rotation":{"x":-0.006938953883945942,"y":-0.9930195212364197,"z":0.07822221517562866,"w":-0.08810606598854065},"size":12.12435531616211,"orthographic":false}