{"cameraMode":{"drawMode":0,"name":"Shaded","section":"Shading Mode"},"sceneLighting":true,"audioPlay":false,"sceneViewState":{"showFog":true,"showMaterialUpdate":false,"showSkybox":false,"showFlares":true,"showImageEffects":true,"showParticleSystems":true},"in2DMode":false,"pivot":{"x":-4.590597152709961,"y":-6.028023719787598,"z":-8.329833030700684},"rotation":{"x":-0.005205290857702494,"y":-0.9938918948173523,"z":0.09631941467523575,"w":-0.05371604114770889},"size":12.12435531616211,"orthographic":false}