{"cameraMode":{"drawMode":0,"name":"Shaded","section":"Shading Mode"},"sceneLighting":false,"audioPlay":false,"sceneViewState":{"showFog":true,"showMaterialUpdate":false,"showSkybox":false,"showFlares":true,"showImageEffects":true,"showParticleSystems":true},"in2DMode":false,"pivot":{"x":-5.1371660232543949,"y":-10.562209129333496,"z":-5.3638811111450199},"rotation":{"x":-0.0012091908138245345,"y":0.9863157272338867,"z":-0.1648532748222351,"w":-0.00711215753108263},"size":12.12435531616211,"orthographic":false}