{"cameraMode":{"drawMode":0,"name":"Shaded","section":"Shading Mode"},"sceneLighting":true,"audioPlay":false,"sceneViewState":{"showFog":true,"showMaterialUpdate":false,"showSkybox":false,"showFlares":true,"showImageEffects":true,"showParticleSystems":true},"in2DMode":false,"pivot":{"x":1.0913203954696656,"y":-5.76224946975708,"z":9.056239128112793},"rotation":{"x":0.3106880486011505,"y":0.3304731845855713,"z":-0.11620119959115982,"w":0.8836144804954529},"size":12.12435531616211,"orthographic":false}