{"cameraMode":{"drawMode":0,"name":"Shaded","section":"Shading Mode"},"sceneLighting":true,"audioPlay":false,"sceneViewState":{"showFog":true,"showMaterialUpdate":false,"showSkybox":false,"showFlares":true,"showImageEffects":true,"showParticleSystems":true},"in2DMode":false,"pivot":{"x":-5.492683410644531,"y":-7.457343578338623,"z":10.257463455200196},"rotation":{"x":0.1721399873495102,"y":0.03485949710011482,"z":-0.00609581870958209,"w":0.9844452738761902},"size":12.12435531616211,"orthographic":false}