{"cameraMode":{"drawMode":0,"name":"Shaded","section":"Shading Mode"},"sceneLighting":false,"audioPlay":false,"sceneViewState":{"showFog":true,"showMaterialUpdate":false,"showSkybox":false,"showFlares":true,"showImageEffects":true,"showParticleSystems":true},"in2DMode":false,"pivot":{"x":-10.198576927185059,"y":-1.4230070114135743,"z":7.991179466247559},"rotation":{"x":-0.14289982616901399,"y":0.7517353892326355,"z":-0.17324911057949067,"w":-0.6200549006462097},"size":8.692374229431153,"orthographic":false}