{"cameraMode":{"drawMode":0,"name":"Shaded","section":"Shading Mode"},"sceneLighting":false,"audioPlay":false,"sceneViewState":{"showFog":true,"showMaterialUpdate":false,"showSkybox":false,"showFlares":true,"showImageEffects":true,"showParticleSystems":true},"in2DMode":false,"pivot":{"x":0.1959424465894699,"y":0.49957388639450076,"z":0.9615640044212341},"rotation":{"x":-0.10930673032999039,"y":0.45087939500808718,"z":-0.05574372783303261,"w":-0.8841171860694885},"size":1.294405221939087,"orthographic":false}