{"cameraMode":{"drawMode":0,"name":"Shaded","section":"Shading Mode"},"sceneLighting":true,"audioPlay":false,"sceneViewState":{"showFog":true,"showMaterialUpdate":true,"showSkybox":true,"showFlares":true,"showImageEffects":true,"showParticleSystems":true},"in2DMode":false,"pivot":{"x":2.7222979068756105,"y":-0.5364999771118164,"z":-2.22605037689209},"rotation":{"x":-0.12830817699432374,"y":0.1192953810095787,"z":-0.015575533732771874,"w":-0.9844364523887634},"size":5.358306884765625,"orthographic":false}