{"cameraMode":{"drawMode":0,"name":"Shaded","section":"Shading Mode"},"sceneLighting":true,"audioPlay":false,"sceneViewState":{"showFog":true,"showMaterialUpdate":true,"showSkybox":true,"showFlares":true,"showImageEffects":true,"showParticleSystems":true},"in2DMode":false,"pivot":{"x":0.5322456359863281,"y":1.2533669471740723,"z":-1.2667503356933594},"rotation":{"x":-0.06725215911865235,"y":0.9195109009742737,"z":-0.18047548830509187,"w":-0.3426456153392792},"size":10.898137092590332,"orthographic":false}