{"cameraMode":{"drawMode":0,"name":"Shaded","section":"Shading Mode"},"sceneLighting":true,"audioPlay":false,"sceneViewState":{"showFog":true,"showMaterialUpdate":true,"showSkybox":true,"showFlares":true,"showImageEffects":true,"showParticleSystems":true},"in2DMode":false,"pivot":{"x":-0.6782728433609009,"y":4.671780109405518,"z":4.935381889343262},"rotation":{"x":-0.02628566324710846,"y":-0.09642165154218674,"z":0.0025267349556088449,"w":-0.9950204491615295},"size":6.858307838439941,"orthographic":false}