{"cameraMode":{"drawMode":0,"name":"Shaded","section":"Shading Mode"},"sceneLighting":false,"audioPlay":false,"sceneViewState":{"showFog":true,"showMaterialUpdate":true,"showSkybox":false,"showFlares":true,"showImageEffects":true,"showParticleSystems":true},"in2DMode":false,"pivot":{"x":3.602792263031006,"y":0.06436103582382202,"z":4.057343006134033},"rotation":{"x":-0.13317649066448213,"y":-0.47165170311927798,"z":0.0722818374633789,"w":-0.8687000274658203},"size":0.8660253882408142,"orthographic":false}