{"cameraMode":{"drawMode":0,"name":"Shaded","section":"Shading Mode"},"sceneLighting":true,"audioPlay":false,"sceneViewState":{"showFog":true,"showMaterialUpdate":true,"showSkybox":true,"showFlares":true,"showImageEffects":true,"showParticleSystems":true},"in2DMode":false,"pivot":{"x":-11.114080429077149,"y":1.226349949836731,"z":-11.090187072753907},"rotation":{"x":-0.14087463915348054,"y":0.7317493557929993,"z":-0.15920735895633698,"w":-0.6476496458053589},"size":5.218706130981445,"orthographic":false}