{"cameraMode":{"drawMode":0,"name":"Shaded","section":"Shading Mode"},"sceneLighting":true,"audioPlay":false,"sceneViewState":{"showFog":true,"showMaterialUpdate":false,"showSkybox":true,"showFlares":true,"showImageEffects":true,"showParticleSystems":true},"in2DMode":false,"pivot":{"x":-14.855525016784668,"y":-1.4687706232070923,"z":-1.946944236755371},"rotation":{"x":0.05126740038394928,"y":-0.7056650519371033,"z":0.05132857710123062,"w":0.7048320770263672},"size":9.102243423461914,"orthographic":false}