{"cameraMode":{"drawMode":0,"name":"Shaded","section":"Shading Mode"},"sceneLighting":true,"audioPlay":false,"sceneViewState":{"showFog":true,"showMaterialUpdate":false,"showSkybox":true,"showFlares":true,"showImageEffects":true,"showParticleSystems":true},"in2DMode":false,"pivot":{"x":-218.99392700195313,"y":12.416736602783204,"z":123.45743560791016},"rotation":{"x":-0.009372581727802754,"y":-0.7378621697425842,"z":-0.010656491853296757,"w":0.675112783908844},"size":190.18630981445313,"orthographic":false}