{"cameraMode":{"drawMode":0,"name":"Shaded","section":"Shading Mode"},"sceneLighting":false,"audioPlay":false,"sceneViewState":{"showFog":true,"showMaterialUpdate":false,"showSkybox":false,"showFlares":true,"showImageEffects":true,"showParticleSystems":true},"in2DMode":false,"pivot":{"x":2.086162567138672e-7,"y":0.4482842683792114,"z":1.1920928955078126e-7},"rotation":{"x":0.162894606590271,"y":0.752650260925293,"z":-0.2030748426914215,"w":0.6051054000854492},"size":0.6628705263137817,"orthographic":false}