{"cameraMode":{"drawMode":0,"name":"Shaded","section":"Shading Mode"},"sceneLighting":true,"audioPlay":false,"sceneViewState":{"showFog":true,"showMaterialUpdate":false,"showSkybox":true,"showFlares":true,"showImageEffects":true,"showParticleSystems":true},"in2DMode":false,"pivot":{"x":-9.10323429107666,"y":2.71675968170166,"z":2.320341110229492},"rotation":{"x":-0.08744866400957108,"y":-0.41402745246887209,"z":0.039997648447752,"w":-0.9051833152770996},"size":2.0222246646881105,"orthographic":false}