{"cameraMode":{"drawMode":0,"name":"Shaded","section":"Shading Mode"},"sceneLighting":true,"audioPlay":false,"sceneViewState":{"showFog":true,"showMaterialUpdate":false,"showSkybox":false,"showFlares":true,"showImageEffects":true,"showParticleSystems":true},"in2DMode":false,"pivot":{"x":1.7026944160461426,"y":-16.65097999572754,"z":16.733642578125},"rotation":{"x":0.3674016296863556,"y":0.1677236407995224,"z":-0.06753097474575043,"w":0.912397027015686},"size":12.12435531616211,"orthographic":false}