{"cameraMode":{"drawMode":0,"name":"Shaded","section":"Shading Mode"},"sceneLighting":false,"audioPlay":false,"sceneViewState":{"showFog":true,"showMaterialUpdate":false,"showSkybox":false,"showFlares":true,"showImageEffects":true,"showParticleSystems":true},"in2DMode":false,"pivot":{"x":-16.682405471801759,"y":-6.289666652679443,"z":-8.011176109313965},"rotation":{"x":0.0882352888584137,"y":-0.8358842730522156,"z":0.14100472629070283,"w":0.5231361985206604},"size":10.449999809265137,"orthographic":false}