{"cameraMode":{"drawMode":0,"name":"Shaded","section":"Shading Mode"},"sceneLighting":true,"audioPlay":false,"sceneViewState":{"showFog":true,"showMaterialUpdate":false,"showSkybox":true,"showFlares":true,"showImageEffects":true,"showParticleSystems":true},"in2DMode":false,"pivot":{"x":-13.471851348876954,"y":18.12275505065918,"z":-31.076696395874025},"rotation":{"x":0.006715960800647736,"y":0.9368011951446533,"z":-0.01799706555902958,"w":0.349409818649292},"size":7.8954315185546879,"orthographic":false}