{"cameraMode":{"drawMode":0,"name":"Shaded","section":"Shading Mode"},"sceneLighting":false,"audioPlay":false,"sceneViewState":{"showFog":true,"showMaterialUpdate":false,"showSkybox":false,"showFlares":true,"showImageEffects":true,"showParticleSystems":true},"in2DMode":false,"pivot":{"x":-6.122007369995117,"y":11.685527801513672,"z":-30.55922508239746},"rotation":{"x":-0.09168405085802078,"y":-0.813957154750824,"z":0.13380210101604463,"w":-0.5579316020011902},"size":9.598992347717286,"orthographic":false}