{"cameraMode":{"drawMode":0,"name":"Shaded","section":"Shading Mode"},"sceneLighting":true,"audioPlay":false,"sceneViewState":{"showFog":true,"showMaterialUpdate":false,"showSkybox":false,"showFlares":true,"showImageEffects":true,"showParticleSystems":true},"in2DMode":false,"pivot":{"x":-5.308928489685059,"y":-3.805820941925049,"z":-0.7420562505722046},"rotation":{"x":0.05997781082987785,"y":0.0047638900578022,"z":-0.0004844450450036675,"w":0.9982845187187195},"size":7.782194137573242,"orthographic":false}