{"cameraMode":{"drawMode":0,"name":"Shaded","section":"Shading Mode"},"sceneLighting":false,"audioPlay":false,"sceneViewState":{"showFog":true,"showMaterialUpdate":false,"showSkybox":false,"showFlares":true,"showImageEffects":true,"showParticleSystems":true},"in2DMode":false,"pivot":{"x":-7.737091541290283,"y":-1.3757052421569825,"z":-19.533723831176759},"rotation":{"x":0.004008148796856403,"y":-0.9925292134284973,"z":0.11727235466241837,"w":0.033965177834033969},"size":5.218706130981445,"orthographic":false}