{"cameraMode":{"drawMode":0,"name":"Shaded","section":"Shading Mode"},"sceneLighting":true,"audioPlay":false,"sceneViewState":{"showFog":true,"showMaterialUpdate":false,"showSkybox":false,"showFlares":true,"showImageEffects":true,"showParticleSystems":true},"in2DMode":false,"pivot":{"x":-3.3162624835968019,"y":-3.9337573051452638,"z":-31.195972442626954},"rotation":{"x":-0.3068578839302063,"y":-0.6041501760482788,"z":0.27112889289855959,"w":-0.6838580369949341},"size":12.12435531616211,"orthographic":false}