{"cameraMode":{"drawMode":0,"name":"Shaded","section":"Shading Mode"},"sceneLighting":true,"audioPlay":false,"sceneViewState":{"showFog":true,"showMaterialUpdate":false,"showSkybox":false,"showFlares":true,"showImageEffects":true,"showParticleSystems":true},"in2DMode":false,"pivot":{"x":-4.604513168334961,"y":11.151185035705567,"z":-41.92892837524414},"rotation":{"x":0.041044361889362338,"y":0.9032191038131714,"z":-0.08861666917800904,"w":0.41806474328041079},"size":12.12435531616211,"orthographic":false}