{"cameraMode":{"drawMode":0,"name":"Shaded","section":"Shading Mode"},"sceneLighting":true,"audioPlay":false,"sceneViewState":{"showFog":true,"showMaterialUpdate":false,"showSkybox":false,"showFlares":true,"showImageEffects":true,"showParticleSystems":true},"in2DMode":false,"pivot":{"x":2.6422247886657717,"y":-2.4434237480163576,"z":-5.778073787689209},"rotation":{"x":0.0009094759006984532,"y":-0.9736470580101013,"z":-0.004401789978146553,"w":-0.22868528962135316},"size":12.12435531616211,"orthographic":false}