{"cameraMode":{"drawMode":0,"name":"Shaded","section":"Shading Mode"},"sceneLighting":false,"audioPlay":false,"sceneViewState":{"showFog":true,"showMaterialUpdate":false,"showSkybox":false,"showFlares":true,"showImageEffects":true,"showParticleSystems":true},"in2DMode":false,"pivot":{"x":5.967446804046631,"y":-14.161566734313965,"z":10.943968772888184},"rotation":{"x":0.3469334542751312,"y":0.4200812876224518,"z":-0.17795883119106294,"w":0.8195285797119141},"size":9.598992347717286,"orthographic":false}