{"cameraMode":{"drawMode":0,"name":"Shaded","section":"Shading Mode"},"sceneLighting":true,"audioPlay":false,"sceneViewState":{"showFog":true,"showMaterialUpdate":false,"showSkybox":true,"showFlares":true,"showImageEffects":true,"showParticleSystems":true},"in2DMode":false,"pivot":{"x":58.91947555541992,"y":0.948482096195221,"z":91.20708465576172},"rotation":{"x":0.011190095916390419,"y":-0.8873143196105957,"z":0.021578317508101465,"w":0.46058332920074465},"size":10.0,"orthographic":false}