{"cameraMode":{"drawMode":0,"name":"Shaded","section":"Shading Mode"},"sceneLighting":true,"audioPlay":false,"sceneViewState":{"showFog":true,"showMaterialUpdate":false,"showSkybox":true,"showFlares":true,"showImageEffects":true,"showParticleSystems":true},"in2DMode":false,"pivot":{"x":-12.687207221984864,"y":-5.392938613891602,"z":1.8251338005065919},"rotation":{"x":-0.14755959808826447,"y":0.485749214887619,"z":-0.08358673006296158,"w":-0.8575061559677124},"size":11.228096961975098,"orthographic":false}